Flag,Country,Total Library Size,Cost per Title - Basic with Ads ($),Cost per Title - Basic ($),Cost per Title - Standard ($),Cost per Title - Premium ($),X.1,Library Size - Color,Cost per Title - Basic with Ads - Color,Cost per Title - Basic - Color,Cost per Title - Standard - Color,Cost per Title - Premium - Color
:al:,Albania,7066,,0.00073,0.00059,0.00037,,below average,,below average,below average,below average
:dz:,Algeria,6944,,0.00057,0.00058,0.00036,,below average,,below average,below average,below average
:ad:,Andorra,7008,,0.00133,0.00103,0.00074,,below average,,above average,above average,above average
:ao:,Angola,6958,,0.00057,0.00057,0.00036,,below average,,below average,below average,below average
:ag:,Antigua & Barbuda,7238,,0.00152,0.00107,0.00069,,above average,,above average,above average,above average
:ar:,Argentina,6770,,0.00084,0.0007,0.00047,,below average,,below average,below average,below average
:au:,Australia,7273,0.00035,0.00095,0.00082,0.00056,,above average,below average,average,above average,above average
:at:,Austria,7828,,0.00119,0.00093,0.00066,,above average,,above average,above average,above average
:az:,Azerbaijan,6794,,0.00122,0.00076,0.00046,,below average,,above average,above average,below average
:bs:,Bahamas,7163,,0.00153,0.00108,0.0007,,below average,,above average,above average,above average
:bh:,Bahrain,6893,,0.00116,0.00076,0.00057,,below average,,above average,above average,above average
:bb:,Barbados,7231,,0.00146,0.00106,0.00065,,above average,,above average,above average,above average
:by:,Belarus,6765,,0.00122,0.00077,0.00046,,below average,,above average,above average,below average
:be:,Belgium,7407,,0.0014,0.00105,0.0007,,above average,,above average,above average,above average
:bz:,Belize,7367,,0.00054,0.00041,0.00027,,above average,,below average,below average,below average
:bm:,Bermuda,7752,,0.00142,0.001,0.00064,,above average,,above average,above average,above average
:bo:,Bolivia,6590,,0.00061,0.00045,0.0003,,below average,,below average,below average,below average
:ba:,Bosnia & Herzegovina,7149,,0.00072,0.00058,0.00036,,below average,,below average,below average,below average
:br:,Brazil,7178,0.00025,0.00063,0.00054,0.00036,,average,below average,below average,below average,below average
:bg:,Bulgaria,7351,,0.0007,0.00056,0.00035,,above average,,below average,below average,below average
:cm:,Cameroon,6924,,0.00058,0.00058,0.00036,,below average,,below average,below average,below average
:ca:,Canada,7169,0.00039,0.00098,0.00093,0.00059,,below average,below average,above average,above average,above average
:cv:,Cape Verde,6907,,0.00058,0.00058,0.00036,,below average,,below average,below average,below average
:cl:,Chile,6584,,0.00103,0.00073,0.00047,,below average,,above average,average,below average
:co:,Colombia,6539,,0.0007,0.00055,0.00042,,below average,,below average,below average,below average
:cr:,Costa Rica,6704,,0.00134,0.00097,0.0006,,below average,,above average,above average,above average
:ci:,Côte d’Ivoire,7007,,0.00057,0.00057,0.00036,,below average,,below average,below average,below average
:hr:,Croatia,5897,,0.00105,0.00088,0.00057,,below average,,above average,above average,above average
:cu:,Cuba,6935,,0.00058,0.00043,0.00029,,below average,,below average,below average,below average
:cy:,Cyprus,8793,,0.00106,0.00077,0.00047,,above average,,above average,above average,below average
:cz:,Czechia,7773,,0.00127,0.00082,0.0005,,above average,,above average,above average,above average
:cd:,Democratic Republic of the Congo,4883,,0.00082,0.00041,0.00051,,below average,,below average,below average,above average
:dk:,Denmark,6680,,0.00185,0.00134,0.00088,,below average,,above average,above average,above average
:do:,Dominican Republic,7231,,0.00069,0.00055,0.00038,,above average,,below average,below average,below average
:ec:,Ecuador,6556,,0.00076,0.00061,0.00042,,below average,,below average,below average,below average
:eg:,Egypt,6648,,0.0003,0.00025,0.00018,,below average,,below average,below average,below average
:sv:,El Salvador,7312,,0.00082,0.00061,0.00043,,above average,,below average,below average,below average
:gq:,Equatorial Guinea,6817,,0.00059,0.00059,0.00037,,below average,,below average,below average,below average
:ee:,Estonia,8765,,0.00094,0.00059,0.00035,,above average,,below average,below average,below average
:fj:,Fiji,7367,,0.00054,0.00054,0.00034,,above average,,below average,below average,below average
:fi:,Finland,7183,,0.00144,0.00101,0.00065,,above average,,above average,above average,above average
:fr:,France,7661,0.00041,0.00149,0.00091,0.00068,,above average,above average,above average,above average,above average
:gf:,French Guiana,7344,,0.00155,0.00095,0.00063,,above average,,above average,above average,above average
:pf:,French Polynesia,6984,,0.00157,0.001,0.00064,,below average,,above average,above average,above average
:de:,Germany,7964,0.00032,0.00104,0.00091,0.00065,,above average,below average,above average,above average,above average
:gh:,Ghana,7006,,0.00057,0.00057,0.00036,,below average,,below average,below average,below average
:gi:,Gibraltar,7513,,0.00124,0.00096,0.00069,,above average,,above average,above average,above average
:gr:,Greece,7532,,0.00124,0.00086,0.00055,,above average,,above average,above average,above average
:gt:,Guatemala,6571,,0.00091,0.00068,0.00048,,below average,,below average,below average,below average
:gg:,Guernsey,7626,0.00049,0.0013,0.00106,0.00078,,above average,above average,above average,above average,above average
:hn:,Honduras,7317,,0.00096,0.00068,0.00048,,above average,,above average,below average,below average
:hk:,Hong Kong,7720,,0.00121,0.00073,0.00045,,above average,,above average,average,below average
:hu:,Hungary,7094,,0.00105,0.00072,0.00046,,below average,,above average,below average,below average
:is:,Iceland,9765,,0.00106,0.0008,0.00056,,above average,,above average,above average,above average
:in:,India,7017,,0.00033,0.00041,0.00027,,below average,,below average,below average,below average
:id:,Indonesia,7260,,0.00055,0.0005,0.00039,,above average,,below average,below average,below average
:iq:,Iraq,6902,,0.00058,0.00058,0.00036,,below average,,below average,below average,below average
:ie:,Ireland,7471,,0.00152,0.00118,0.00083,,above average,,above average,above average,above average
:il:,Israel,6346,,0.00144,0.00121,0.00077,,below average,,above average,above average,above average
:it:,Italy,7916,0.00046,0.00105,0.00092,0.00065,,above average,above average,above average,above average,above average
:jm:,Jamaica,7288,,0.00055,0.00041,0.00027,,above average,,below average,below average,below average
:jp:,Japan,7338,0.0004,0.00088,0.00071,0.00051,,above average,average,below average,below average,above average
:jo:,Jordan,6896,,0.00058,0.00058,0.00036,,below average,,below average,below average,below average
:ke:,Kenya,6998,,0.00033,0.00039,0.0003,,below average,,below average,below average,below average
:kw:,Kuwait,6869,,0.00131,0.00087,0.00065,,below average,,above average,above average,above average
:lv:,Latvia,8799,,0.00094,0.00059,0.00035,,above average,,below average,below average,below average
:lb:,Lebanon,6957,,0.00057,0.00057,0.00036,,below average,,below average,below average,below average
:ly:,Libya,6935,,0.00058,0.00058,0.00036,,below average,,below average,below average,below average
:li:,Liechtenstein,8518,,0.00166,0.00134,0.0009,,above average,,above average,above average,above average
:lt:,Lithuania,8796,,0.00094,0.00059,0.00035,,above average,,below average,below average,below average
:lu:,Luxembourg,8321,,0.00124,0.00093,0.00062,,above average,,above average,above average,above average
:mg:,Madagascar,6902,,0.00058,0.00058,0.00036,,below average,,below average,below average,below average
:my:,Malaysia,6298,,0.00106,0.00089,0.00056,,below average,,above average,above average,above average
:ml:,Mali,6897,,0.00058,0.00058,0.00036,,below average,,below average,below average,below average
:mu:,Mauritius,6922,,0.00058,0.00058,0.00036,,below average,,below average,below average,below average
:mx:,Mexico,7108,0.00034,0.00081,0.00085,0.00056,,below average,below average,below average,above average,above average
:md:,Moldova,6754,,0.00123,0.00077,0.00046,,below average,,above average,above average,below average
:mc:,Monaco,7154,,0.00159,0.00098,0.00072,,below average,,above average,above average,above average
:me:,Montenegro,7157,,0.00072,0.00058,0.00036,,below average,,below average,below average,below average
:ma:,Morocco,6985,,0.0005,0.00046,0.00034,,below average,,below average,below average,below average
:mz:,Mozambique,6945,,0.00057,0.00058,0.00036,,below average,,below average,below average,below average
:nl:,Netherlands,7155,,0.0013,0.00101,0.00069,,below average,,above average,above average,above average
:nz:,New Zealand,7171,,0.00118,0.00083,0.00055,,below average,,above average,above average,above average
:ni:,Nicaragua,7293,,0.00055,0.00041,0.00027,,above average,,below average,below average,below average
:ne:,Niger,6655,,0.0006,0.0006,0.00038,,below average,,below average,below average,below average
:ng:,Nigeria,7016,,0.00033,0.00026,0.00017,,below average,,below average,below average,below average
:no:,Norway,6738,,0.00131,0.00085,0.00063,,below average,,above average,above average,above average
:om:,Oman,6877,,0.00122,0.00076,0.00057,,below average,,above average,above average,above average
:pk:,Pakistan,6334,,0.00025,0.00023,0.00016,,below average,,below average,below average,below average
:ps:,Palestine,6858,,0.00058,0.00058,0.00036,,below average,,below average,below average,below average
:pa:,Panama,7348,,0.00082,0.00068,0.00048,,above average,,below average,below average,below average
:py:,Paraguay,7312,,0.00055,0.00041,0.00027,,above average,,below average,below average,below average
:pe:,Peru,6633,,0.00117,0.00083,0.00054,,below average,,above average,above average,above average
:ph:,Philippines,7848,,0.00055,0.00044,0.0003,,above average,,below average,below average,below average
:pl:,Poland,7473,,0.0011,0.00081,0.00056,,above average,,above average,above average,above average
:pt:,Portugal,7978,,0.00117,0.00084,0.00058,,above average,,above average,above average,above average
:qa:,Qatar,6936,,0.0013,0.00086,0.00065,,below average,,above average,above average,above average
:ro:,Romania,8111,,0.00077,0.0007,0.00045,,above average,,below average,below average,below average
:sm:,San Marino,6856,0.00053,0.00121,0.00106,0.00076,,below average,above average,above average,above average,above average
:sa:,Saudi Arabia,5916,,0.00158,0.0011,0.0008,,below average,,above average,above average,above average
:sn:,Senegal,6907,,0.00058,0.00058,0.00036,,below average,,below average,below average,below average
:rs:,Serbia,7183,,0.00072,0.00058,0.00036,,above average,,below average,below average,below average
:sc:,Seychelles,6700,,0.0006,0.0006,0.00037,,below average,,below average,below average,below average
:sg:,Singapore,7383,,0.0014,0.001,0.00065,,above average,,above average,above average,above average
:sk:,Slovakia,8193,,0.0012,0.00073,0.00044,,above average,,above average,average,below average
:si:,Slovenia,8883,,0.00052,0.00047,0.00029,,above average,,below average,below average,below average
:za:,South Africa,6848,,0.00078,0.00063,0.00039,,below average,,below average,below average,below average
:kr:,South Korea,7324,0.00026,0.00089,0.00063,0.0004,,above average,below average,below average,below average,below average
:es:,Spain,8165,0.00035,0.00089,0.00089,0.00063,,above average,below average,below average,above average,above average
:lc:,St. Lucia,7287,,0.00055,0.00041,0.00027,,above average,,below average,below average,below average
:se:,Sweden,7145,,0.00141,0.00096,0.00064,,below average,,above average,above average,above average
:ch:,Switzerland,7944,,0.00178,0.00144,0.00096,,above average,,above average,above average,above average
:tw:,Taiwan,6988,,0.00126,0.00083,0.0005,,below average,,above average,above average,above average
:tz:,Tanzania,6973,,0.00057,0.00057,0.00036,,below average,,below average,below average,below average
:th:,Thailand,7520,,0.00066,0.00068,0.00041,,above average,,below average,below average,below average
:tt:,Trinidad and Tobago,7266,,0.00151,0.00107,0.00069,,above average,,above average,above average,above average
:tn:,Tunisia,6968,,0.00057,0.00057,0.00036,,below average,,below average,below average,below average
:tr:,Turkey,6809,,0.00061,0.00047,0.00031,,below average,,below average,below average,below average
:tc:,Turks & Caicos Islands,7084,,0.00155,0.00078,0.00071,,below average,,above average,above average,above average
:ug:,Uganda,6930,,0.00058,0.00058,0.00036,,below average,,below average,below average,below average
:ua:,Ukraine,5569,,0.00093,0.0007,0.00046,,below average,,below average,below average,below average
:ae:,United Arab Emirates,6176,,0.00154,0.00108,0.00078,,below average,,above average,above average,above average
:gb:,United Kingdom,8010,0.00047,0.00124,0.00101,0.00074,,above average,above average,above average,above average,above average
:us:,United States,7101,0.00056,0.00169,0.00127,0.00088,,below average,above average,above average,above average,above average
:uy:,Uruguay,7295,,0.00137,0.00096,0.00062,,above average,,above average,above average,above average
:ve:,Venezuela,6583,,0.00061,0.00045,0.0003,,below average,,below average,below average,below average
:ye:,Yemen,6887,,0.00058,0.00058,0.00036,,below average,,below average,below average,below average
:zm:,Zambia,6922,,0.00058,0.00058,0.00036,,below average,,below average,below average,below average
